-- MySQL Script generated by MySQL Workbench
-- Tue Apr  5 14:18:24 2022
-- Model: New Model    Version: 1.0
-- MySQL Workbench Forward Engineering

SET @OLD_UNIQUE_CHECKS=@@UNIQUE_CHECKS, UNIQUE_CHECKS=0;
SET @OLD_FOREIGN_KEY_CHECKS=@@FOREIGN_KEY_CHECKS, FOREIGN_KEY_CHECKS=0;
SET @OLD_SQL_MODE=@@SQL_MODE, SQL_MODE='ONLY_FULL_GROUP_BY,STRICT_TRANS_TABLES,NO_ZERO_IN_DATE,NO_ZERO_DATE,ERROR_FOR_DIVISION_BY_ZERO,NO_ENGINE_SUBSTITUTION';

-- -----------------------------------------------------
-- Schema my_chat
-- -----------------------------------------------------
DROP SCHEMA IF EXISTS `my_chat` ;

-- -----------------------------------------------------
-- Schema my_chat
-- -----------------------------------------------------
CREATE SCHEMA IF NOT EXISTS `my_chat` DEFAULT CHARACTER SET utf8 ;
USE `my_chat` ;

-- -----------------------------------------------------
-- Table `my_chat`.`users`
-- -----------------------------------------------------
DROP TABLE IF EXISTS `my_chat`.`users` ;

CREATE TABLE IF NOT EXISTS `my_chat`.`users` (
  `user_id` INT NOT NULL AUTO_INCREMENT,
  `login` VARCHAR(45) NULL DEFAULT NULL,
  `socket_id` VARCHAR(45) NULL,
  PRIMARY KEY (`user_id`))
ENGINE = InnoDB
DEFAULT CHARACTER SET = utf8mb3;


-- -----------------------------------------------------
-- Table `my_chat`.`marks`
-- -----------------------------------------------------
DROP TABLE IF EXISTS `my_chat`.`marks` ;

CREATE TABLE IF NOT EXISTS `my_chat`.`marks` (
  `mark_id` INT NOT NULL AUTO_INCREMENT,
  `user1_id` INT NOT NULL,
  `user2_id` INT NOT NULL,
  PRIMARY KEY (`mark_id`),
  INDEX `fk_users_has_users_users2_idx` (`user2_id` ASC) VISIBLE,
  INDEX `fk_users_has_users_users1_idx` (`user1_id` ASC) VISIBLE,
  CONSTRAINT `fk_users_has_users_users1`
    FOREIGN KEY (`user1_id`)
    REFERENCES `my_chat`.`users` (`user_id`),
  CONSTRAINT `fk_users_has_users_users2`
    FOREIGN KEY (`user2_id`)
    REFERENCES `my_chat`.`users` (`user_id`))
ENGINE = InnoDB
DEFAULT CHARACTER SET = utf8mb3;


-- -----------------------------------------------------
-- Table `my_chat`.`rooms`
-- -----------------------------------------------------
DROP TABLE IF EXISTS `my_chat`.`rooms` ;

CREATE TABLE IF NOT EXISTS `my_chat`.`rooms` (
  `idroom` INT NOT NULL AUTO_INCREMENT,
  `name` VARCHAR(45) NOT NULL,
  `owner_id` INT NOT NULL,
  PRIMARY KEY (`idroom`, `owner_id`),
  INDEX `fk_rooms_users_idx` (`owner_id` ASC) VISIBLE,
  CONSTRAINT `fk_rooms_users`
    FOREIGN KEY (`owner_id`)
    REFERENCES `my_chat`.`users` (`user_id`))
ENGINE = InnoDB
DEFAULT CHARACTER SET = utf8mb3;


-- -----------------------------------------------------
-- Table `my_chat`.`messages`
-- -----------------------------------------------------
DROP TABLE IF EXISTS `my_chat`.`messages` ;

CREATE TABLE IF NOT EXISTS `my_chat`.`messages` (
  `message_id` INT NOT NULL AUTO_INCREMENT,
  `content` LONGTEXT NULL DEFAULT NULL,
  `createdAt` TIMESTAMP NULL,
  `user_id` INT NOT NULL,
  `room_id` INT NOT NULL,
  `room_owner_id` INT NOT NULL,
  PRIMARY KEY (`message_id`, `user_id`, `room_id`, `room_owner_id`),
  INDEX `fk_messages_users1_idx` (`user_id` ASC) VISIBLE,
  INDEX `fk_messages_rooms1_idx` (`room_id` ASC, `room_owner_id` ASC) VISIBLE,
  CONSTRAINT `fk_messages_rooms1`
    FOREIGN KEY (`room_id` , `room_owner_id`)
    REFERENCES `my_chat`.`rooms` (`idroom` , `owner_id`),
  CONSTRAINT `fk_messages_users1`
    FOREIGN KEY (`user_id`)
    REFERENCES `my_chat`.`users` (`user_id`))
ENGINE = InnoDB
DEFAULT CHARACTER SET = utf8mb3;

-- -----------------------------------------------------
-- Table `my_chat`.`private`
-- -----------------------------------------------------
DROP TABLE IF EXISTS `my_chat`.`private` ;

CREATE TABLE IF NOT EXISTS `my_chat`.`private` (
  `private_id` INT NOT NULL AUTO_INCREMENT,
  `content` LONGTEXT NULL DEFAULT NULL,
  `createdAt` TIMESTAMP NULL,
  `dest_login` VARCHAR(45) NULL DEFAULT NULL,
  `user_id` INT NOT NULL,
  PRIMARY KEY (`private_id`, `user_id`),
  INDEX `fk_private_users1_idx` (`user_id` ASC) VISIBLE,
  CONSTRAINT `fk_private_users1`
    FOREIGN KEY (`user_id`)
    REFERENCES `my_chat`.`users` (`user_id`))
ENGINE = InnoDB
DEFAULT CHARACTER SET = utf8mb3;


SET SQL_MODE=@OLD_SQL_MODE;
SET FOREIGN_KEY_CHECKS=@OLD_FOREIGN_KEY_CHECKS;
SET UNIQUE_CHECKS=@OLD_UNIQUE_CHECKS;

-- -----------------------------------------------------
-- Data for table `my_chat`.`users`
-- -----------------------------------------------------
START TRANSACTION;
USE `my_chat`;
INSERT INTO `my_chat`.`users` (`user_id`, `login`) VALUES (1, 'Valentin');
INSERT INTO `my_chat`.`users` (`user_id`, `login`) VALUES (2, 'Kevin');
INSERT INTO `my_chat`.`users` (`user_id`, `login`) VALUES (3, 'Haroun');
INSERT INTO `my_chat`.`users` (`user_id`, `login`) VALUES (4, 'Jeanne');
INSERT INTO `my_chat`.`users` (`user_id`, `login`) VALUES (5, 'Mathilde');

COMMIT;


-- -----------------------------------------------------
-- Data for table `my_chat`.`rooms`
-- -----------------------------------------------------
START TRANSACTION;
USE `my_chat`;
INSERT INTO `my_chat`.`rooms` (`idroom`, `name`, `owner_id`) VALUES (1, 'Global France', 1);
INSERT INTO `my_chat`.`rooms` (`idroom`, `name`, `owner_id`) VALUES (2, 'Global Philippines', 2);
INSERT INTO `my_chat`.`rooms` (`idroom`, `name`, `owner_id`) VALUES (3, 'Gaming', 1);
INSERT INTO `my_chat`.`rooms` (`idroom`, `name`, `owner_id`) VALUES (4, 'Paris', 3);
INSERT INTO `my_chat`.`rooms` (`idroom`, `name`, `owner_id`) VALUES (5, 'Unix', 1);
INSERT INTO `my_chat`.`rooms` (`idroom`, `name`, `owner_id`) VALUES (6, 'Alternance', 4);

COMMIT;


-- -----------------------------------------------------
-- Data for table `my_chat`.`messages`
-- -----------------------------------------------------
START TRANSACTION;
USE `my_chat`;
INSERT INTO `my_chat`.`messages` (`message_id`, `content`, `user_id`, `room_id`, `room_owner_id`) VALUES (1, 'Salut tout le monde', 2, 1, 1);
INSERT INTO `my_chat`.`messages` (`message_id`, `content`, `user_id`, `room_id`, `room_owner_id`) VALUES (2, 'Salut tout le monde', 3, 2, 2);
INSERT INTO `my_chat`.`messages` (`message_id`, `content`, `user_id`, `room_id`, `room_owner_id`) VALUES (3, 'Salut tout le monde', 1, 3, 1);
INSERT INTO `my_chat`.`messages` (`message_id`, `content`, `user_id`, `room_id`, `room_owner_id`) VALUES (4, 'Salut tout le monde', 4, 4, 3);

COMMIT;


-- -----------------------------------------------------
-- Data for table `my_chat`.`marks`
-- -----------------------------------------------------
START TRANSACTION;
USE `my_chat`;
INSERT INTO `my_chat`.`marks` (`mark_id`, `user1_id`, `user2_id`) VALUES (1, 1, 2);
INSERT INTO `my_chat`.`marks` (`mark_id`, `user1_id`, `user2_id`) VALUES (2, 1, 4);
INSERT INTO `my_chat`.`marks` (`mark_id`, `user1_id`, `user2_id`) VALUES (3, 2, 3);
INSERT INTO `my_chat`.`marks` (`mark_id`, `user1_id`, `user2_id`) VALUES (4, 3, 1);
INSERT INTO `my_chat`.`marks` (`mark_id`, `user1_id`, `user2_id`) VALUES (5, 5, 4);

COMMIT;
